Address,AreaSpace_SQFT,Bathrooms,Bedrooms,Cooling,Date_available,Deposit_fees,Heating,Latitude,Laundry,Locality,Longitude,Parking,Pets,Price,Price_PerSQFT,SaleHistory,State,Status,Type,YearBuilt,ZestimatePrice,ZipCode,_id,location,zid
"44 Edward St, Saint Albans, VT 05478",1250,1,2,No Data,Available now,"$1,261",Forced air,44.809086,In Unit,Saint Albans,-73.095177,Off street,"Cats, small dogs",1261,1.0,"[{'event': 'Price change', 'price': '$1,261(+0.9%)', 'date': '6/18/2019'}, {'event': 'Listed for rent', 'price': '$1,250(-13.8%)', 'date': '6/11/2019'}, {'event': 'Listing removed', 'price': '$1,450--', 'date': '9/20/2018'}, {'event': 'Listed for rent', 'price': '$1,450--', 'date': '9/16/2018'}, {'event': 'Sold', 'price': '$133,000(-0.7%)', 'date': '1/6/2014'}]",VT,House for rent,Single Family,1890,1200,05478,5d09be52f184f611416d9888,"{'type': 'Point', 'coordinates': [-73.095177, 44.809086]}",75431439
"5 Northshore Dr, Unit 5, Burlington, VT 05408",1400,3,2,None,No Data,No Data,Baseboard,44.521528,In Unit,Burlington,-73.266955,1 space,No,2200,2.0,"[{'event': 'Listed for rent', 'date': '6/13/2019', 'price': '$2,200--'}, {'event': 'Listing removed', 'date': '4/1/2019', 'price': '$2,200--'}, {'event': 'Listed for rent', 'date': '2/1/2019', 'price': '$2,200--'}]",VT,Condo for rent,Condo,1987,2200,05408,5d0b5b4bf12fac82e26efb5a,"{'type': 'Point', 'coordinates': [-73.266955, 44.521528]}",2086082469
"2109 North Rd, Hinesburg, VT 05461",0,1,2,No Data,Available now,$950,No Data,44.342741,No Data,Hinesburg,-73.077995,Off street,No,950,,"[{'event': 'Listed for rent', 'date': '6/13/2019', 'price': '$950--'}]",VT,House for rent,Single Family,,,05461,5d0b5b90f12fac82e26efb5b,"{'type': 'Point', 'coordinates': [-73.077995, 44.342741]}",220856604
"90 Dunlop Way, Colchester, VT 05446",1000,1,1,No Data,7/1,"$1,500",Other,44.540142,No Data,Colchester,-73.279115,Attached Garage,"Cats, large dogs, small dogs",1500,2.0,"[{'event': 'Price change', 'date': '6/14/2019', 'price': '$1,500(-11.8%)'}, {'event': 'Listed for rent', 'date': '6/5/2019', 'price': '$1,700--'}, {'event': 'Sold', 'date': '5/17/2017', 'price': '$340,000--'}]",VT,House for rent,Single Family,1975,1500,05446,5d0b6391f12fac82e26efb8f,"{'type': 'Point', 'coordinates': [-73.279115, 44.540142]}",220849542
"84 1 UPPR MAIN, Morrisville, VT 05661",1300,1,3,No Data,7/1,"$1,400",No Data,44.561687,No Data,Morrisville,-72.596652,No Data,Cats,1400,1.0,"[{'event': 'Listed for rent', 'date': '5/17/2019', 'price': '$1,400--'}]",VT,Townhouse for rent,Townhouse,,1400,05661,5d0b6d2cf12fac82e26efbbc,"{'type': 'Point', 'coordinates': [-72.596652, 44.561687]}",2084397452
"Church St, Chester, VT 05143",2000,2,4,No Data,8/1,"$1,700",No Data,43.26844,In Unit,Chester,-72.60113,Off street,No,1700,1.0,"[{'date': '6/21/2019', 'price': '$1,700(+6.3%)', 'event': 'Listed for rent'}, {'date': '7/15/2018', 'price': '$1,600--', 'event': 'Listing removed'}, {'date': '7/5/2018', 'price': '$1,600--', 'event': 'Listed for rent'}]",VT,House for rent,Single Family,,,05143,5d10c2154a916044723cc1d4,"{'type': 'Point', 'coordinates': [-72.60113, 43.26844]}",2088771137
"Cody Rd, Landgrove, VT 05148",1623,,3,None,No Data,No Data,Baseboard,43.26121,In Unit,Landgrove,-72.8482,1 space,Contact manager,12000,7.0,"[{'date': '5/25/2019', 'price': '$12,000--', 'event': 'Listed for rent'}]",VT,House for rent,Single Family,1929,,05148,5d10c2b3c42484339f3cc1df,"{'type': 'Point', 'coordinates': [-72.8482, 43.26121]}",2084272266
"320 B Keith Hill Rd, Londonderry, VT 05148",900,1,1,None,No Data,No Data,Baseboard,43.224841,In Unit,Londonderry,-72.746896,No Data,Contact manager,8000,9.0,"[{'date': '11/26/2018', 'price': '$8,000(-44.4%)', 'event': 'Price change'}, {'date': '7/12/2018', 'price': '$14,400--', 'event': 'Listed for rent'}]",VT,House for rent,Single Family,2004,6000,05148,5d10c2f6c42484339f3cc1e1,"{'type': 'Point', 'coordinates': [-72.746896, 43.224841]}",2088657633
"597 Winhall Station Rd, South Londonderry, VT 05155",1850,4,5,None,No Data,No Data,Baseboard,43.167904,In Unit,South Londonderry,-72.813707,2 spaces,Contact manager,12500,7.0,"[{'date': '4/15/2019', 'price': '$12,500(+13.6%)', 'event': 'Listed for rent'}, {'date': '8/26/2018', 'price': '$11,000--', 'event': 'Listing removed'}, {'date': '7/22/2018', 'price': '$11,000(+10%)', 'event': 'Listed for rent'}, {'date': '9/28/2017', 'price': '$10,000--', 'event': 'Listing removed'}, {'date': '8/17/2017', 'price': '$10,000(+12.4%)', 'event': 'Listed for rent'}]",VT,House for rent,Single Family,1990,12000,05155,5d10c3270e66b397b63cc1dd,"{'type': 'Point', 'coordinates': [-72.813707, 43.167904]}",75473867
"709 Springhill Rd, South Londonderry, VT 05155",2000,35,5,Other,No Data,No Data,Other,43.17939,In Unit,South Londonderry,-72.837475,2 spaces,Contact manager,15000,8.0,"[{'date': '7/26/2018', 'price': '$15,000--', 'event': 'Listed for rent'}, {'date': '3/27/2015', 'price': '$110,689--', 'event': 'Sold'}]",VT,House for rent,Single Family,1900,12500,05155,5d10c33a0e66b397b63cc1de,"{'type': 'Point', 'coordinates': [-72.837475, 43.17939]}",235257917
"3343 Main St, Manchester, VT 05254",2200,2,4,None,No Data,No Data,Forced air,43.158869,No Data,Manchester,-73.0723,Detached Garage,Contact manager,3500,2.0,"[{'date': '5/29/2019', 'price': '$3,500--', 'event': 'Listed for rent'}]",VT,House for rent,Single Family,1920,2617,05254,5d10c38b5e695b58563cc1e8,"{'type': 'Point', 'coordinates': [-73.0723, 43.158869]}",2084234673
"550 Equinox On The Battenkill, Manchester, VT 05254",2400,3,3,Central,No Data,No Data,Baseboard,43.163281,No Data,Manchester,-73.057849,No Data,Contact manager,4500,2.0,"[{'date': '5/23/2019', 'price': '$4,500--', 'event': 'Listed for rent'}]",VT,Townhouse for rent,Townhouse,1984,27000,05254,5d10c3965e695b58563cc1e9,"{'type': 'Point', 'coordinates': [-73.057849, 43.163281]}",2084308231
"13 Old Chester Rd, Springfield, VT 05156",700,1,1,None,No Data,No Data,Electric,43.300857,No Data,Springfield,-72.494889,No Data,Contact manager,800,1.0,"[{'date': '6/3/2019', 'price': '$800--', 'event': 'Listed for rent'}]",VT,House for rent,Single Family,1940,800,05156,5d10c3a29794f5b2323cc1e0,"{'type': 'Point', 'coordinates': [-72.494889, 43.300857]}",2084167750
"634 Equinox On The Battenkill, Manchester, VT 05254",2660,3,3,Central,No Data,No Data,Baseboard,43.1636,In Unit,Manchester,-73.0727,No Data,Contact manager,16000,6.0,"[{'date': '5/2/2019', 'price': '$16,000--', 'event': 'Listed for rent'}]",VT,Condo for rent,Condo,1980,27000,05254,5d10c3aa5e695b58563cc1ea,"{'type': 'Point', 'coordinates': [-73.0727, 43.1636]}",2084625813
"194 Main St, Grafton, VT 05146",2080,35,3,None,No Data,No Data,"Baseboard, Radiant",43.171882,In Unit,Grafton,-72.607449,2 spaces,Contact manager,3000,1.0,"[{'date': '11/15/2018', 'price': '$465,000--', 'event': 'Listed for sale'}, {'date': '10/10/2018', 'price': '$3,000--', 'event': 'Listed for rent'}, {'date': '10/10/2018', 'price': '$465,000--', 'event': 'Listing removed'}, {'date': '6/29/2018', 'price': '$3,000--', 'event': 'Listing removed'}, {'date': '4/16/2018', 'price': '$3,000--', 'event': 'Listed for rent'}]",VT,House for rent,Single Family,1853,3000,05146,5d10c3b9af5e956fca3cc1d6,"{'type': 'Point', 'coordinates': [-72.607449, 43.171882]}",235255061
"54 Main St, Grafton, VT 05146",2317,25,4,Central,No Data,No Data,"Electric, Oil",43.173063,In Unit,Grafton,-72.610102,No Data,Contact manager,4450,2.0,"[{'date': '12/6/2017', 'price': '$4,450--', 'event': 'Listed for rent'}, {'date': '2/16/1999', 'price': '$175,000--', 'event': 'Sold'}]",VT,House for rent,Single Family,1800,3000,05146,5d10c3d0af5e956fca3cc1d7,"{'type': 'Point', 'coordinates': [-72.610102, 43.173063]}",235255068
"613 Forest Mountain Rd, Peru, VT 05152",2000,25,6,Other,9/1,$750,Forced air,43.242858,In Unit,Peru,-72.866635,No Data,No,2650,1.0,"[{'date': '5/22/2019', 'price': '$2,650(+6%)', 'event': 'Price change'}, {'date': '11/5/2018', 'price': '$2,500--', 'event': 'Listed for rent'}, {'date': '10/13/2016', 'price': '$235,000--', 'event': 'Sold'}]",VT,House for rent,Single Family,1985,2650,05152,5d10c51ecf93362d193cc1d6,"{'type': 'Point', 'coordinates': [-72.866635, 43.242858]}",250417954
"1936 Chapel Rd, Bennington, VT 05201",1500,2,3,None,10/1,"$2,200",Baseboard,42.918315,In Unit,Bennington,-73.179692,2 spaces,"Cats, small dogs",2200,1.0,"[{'date': '6/2/2019', 'price': '$2,200--', 'event': 'Listed for rent'}, {'date': '1/13/2019', 'price': '$2,200--', 'event': 'Listing removed'}, {'date': '1/3/2019', 'price': '$2,200(+22.2%)', 'event': 'Listed for rent'}, {'date': '10/20/2018', 'price': '$1,800--', 'event': 'Listing removed'}, {'date': '8/20/2018', 'price': '$1,800(-10%)', 'event': 'Price change'}]",VT,House for rent,Single Family,1990,1700,05201,5d10c53ec42484339f3cc1ed,"{'type': 'Point', 'coordinates': [-73.179692, 42.918315]}",75418674
"3694 Sandgate Rd, Sandgate, VT 05250",1900,35,4,Wall,No Data,No Data,"Baseboard, Stove",43.156332,No Data,Sandgate,-73.183217,2 spaces,Contact manager,2200,1.0,"[{'date': '1/2/2019', 'price': '$2,200--', 'event': 'Listed for rent'}, {'date': '4/2/2007', 'price': '$480,000--', 'event': 'Sold'}]",VT,House for rent,Single Family,1905,2000,05250,5d10c553941a5771153cc1d6,"{'type': 'Point', 'coordinates': [-73.183217, 43.156332]}",75423530
"112 Chapman Rd, Unit 1, Proctorsville, VT 05153",1200,1,2,Other,No Data,"$2,800",Forced air,43.43724,In Unit,Proctorsville,-72.65738,Off street,"Large dogs, small dogs",2800,2.0,"[{'date': '8/29/2018', 'price': '$2,800(+12%)', 'event': 'Price change'}, {'date': '7/9/2017', 'price': '$2,500(+13.6%)', 'event': 'Price change'}, {'date': '11/12/2016', 'price': '$2,200(-51.1%)', 'event': 'Listing removed'}, {'date': '4/7/2014', 'price': '$4,500--', 'event': 'Listing removed'}, {'date': '12/1/2013', 'price': '$4,500--', 'event': 'Listed for rent'}]",VT,Condo for rent,Condo,1890,1700,05153,5d10c56a207ce4ea3a3cc1d9,"{'type': 'Point', 'coordinates': [-72.65738, 43.43724]}",2109697870
"112 Chapman Rd, Unit 2, Proctorsville, VT 05153",1400,1,2,Other,No Data,"$2,800",Forced air,43.43412,In Unit,Proctorsville,-72.655281,Off street,"Large dogs, small dogs",2800,2.0,"[{'date': '8/29/2018', 'price': '$2,800(+12%)', 'event': 'Price change'}, {'date': '7/9/2017', 'price': '$2,500(-13.2%)', 'event': 'Price change'}, {'date': '11/12/2016', 'price': '$2,880--', 'event': 'Listing removed'}, {'date': '9/22/2016', 'price': '$2,880--', 'event': 'Listing removed'}]",VT,Condo for rent,Condo,1890,1700,05153,5d10c58c207ce4ea3a3cc1da,"{'type': 'Point', 'coordinates': [-72.655281, 43.43412]}",2097626963
"2396 Ames Hill Rd, Brattleboro, VT 05301",,2,3,No Data,7/1,"$1,800",No Data,42.859489,In Unit,Brattleboro,-72.711584,Off street,"Cats, large dogs, small dogs",1800,,"[{'date': '5/8/2019', 'price': '$1,800--', 'event': 'Listed for rent'}]",VT,House for rent,Single Family,,,05301,5d10c5904a916044723cc1e8,"{'type': 'Point', 'coordinates': [-72.711584, 42.859489]}",2084542362
"907 County St, Bennington, VT 05201",1000,1,2,No Data,7/1,No Data,No Data,42.883762,No Data,Bennington,-73.184837,No Data,Contact manager,1050,1.0,"[{'date': '5/22/2019', 'price': '$1,050--', 'event': 'Listed for rent'}]",VT,Townhouse for rent,Townhouse,,1000,05201,5d10c59ec42484339f3cc1ee,"{'type': 'Point', 'coordinates': [-73.184837, 42.883762]}",2084318086
"109 S Branch St, Bennington, VT 05201",1000,1,2,No Data,7/1,"$1,150",No Data,42.87765,In Unit,Bennington,-73.181161,Off street,No,955,1.0,"[{'date': '5/9/2019', 'price': '$955--', 'event': 'Listed for rent'}, {'date': '11/29/2018', 'price': '$955--', 'event': 'Listing removed'}, {'date': '10/24/2018', 'price': '$955--', 'event': 'Listed for rent'}, {'date': '1/7/1997', 'price': '$160,000--', 'event': 'Sold'}]",VT,Townhouse for rent,Townhouse,,950,05201,5d10c5cec42484339f3cc1ef,"{'type': 'Point', 'coordinates': [-73.181161, 42.87765]}",227679853
"12 Sap Bucket Rd, Winhall, VT 05340",1950,3,4,None,No Data,No Data,Baseboard,43.1598,In Unit,Winhall,-72.9151,2 spaces,Contact manager,23000,12.0,"[{'date': '5/5/2019', 'price': '$23,000(+9.5%)', 'event': 'Price change'}, {'date': '10/31/2017', 'price': '$21,000(-4.5%)', 'event': 'Price change'}, {'date': '10/7/2017', 'price': '$22,000--', 'event': 'Listed for rent'}]",VT,House for rent,Single Family,1980,27000,05340,5d10c5ff0e66b397b63cc1e9,"{'type': 'Point', 'coordinates': [-72.9151, 43.1598]}",2093945784
"723 Pond Rd, Vernon, VT 05354",650,1,1,No Data,7/1,"$1,250",No Data,42.744904,No Data,Vernon,-72.509532,Off street,No,1150,2.0,"[{'date': '6/5/2019', 'price': '$1,150--', 'event': 'Listed for rent'}]",VT,House for rent,Single Family,,1150,05354,5d10c645941a5771153cc1d7,"{'type': 'Point', 'coordinates': [-72.509532, 42.744904]}",2084112020
"Polar Bear N, West Dover, VT 05356",,25,3,No Data,Available now,"$1,300",Other,42.94736,In Unit,West Dover,-72.88929,No Data,No,1300,,"[{'date': '6/3/2019', 'price': '$1,300--', 'event': 'Listed for rent'}]",VT,Condo for rent,Condo,,,05356,5d10c6f09794f5b2323cc1ec,"{'type': 'Point', 'coordinates': [-72.88929, 42.94736]}",2084164797
"597 Us Route 7 S, Bennington, VT 05201",400,1,1,No Data,Available now,$850,No Data,42.8595,No Data,Bennington,-73.2007,Off street,No,850,2.0,"[{'date': '5/1/2019', 'price': '$850--', 'event': 'Listed for rent'}]",VT,House for rent,Single Family,,850,05201,5d10c74bc42484339f3cc1f0,"{'type': 'Point', 'coordinates': [-73.2007, 42.8595]}",2084665126
"Rootville Rd, Manchester Center, VT 05255",1200,2,3,No Data,7/1,"$1,450",No Data,43.17186,In Unit,Manchester Center,-73.01441,"Off street, Attached Garage",No,1450,1.0,"[{'date': '5/21/2019', 'price': '$1,450--', 'event': 'Listed for rent'}]",VT,House for rent,Single Family,,,05255,5d10c7532ed566e5493cc1dd,"{'type': 'Point', 'coordinates': [-73.01441, 43.17186]}",2084345607
"2001 Depot St, Manchester Center, VT 05255",4724,6,6,Central,No Data,No Data,Baseboard,43.174633,In Unit,Manchester Center,-73.020978,2 spaces,Contact manager,4500,1.0,"[{'date': '5/10/2019', 'price': '$4,500--', 'event': 'Listed for rent'}, {'date': '5/1/2019', 'price': '$675,000--', 'event': 'Price change'}, {'date': '3/27/2019', 'price': '$4,500--', 'event': 'Listing removed'}, {'date': '2/14/2019', 'price': '$4,500--', 'event': 'Listed for rent'}, {'date': '1/2/2019', 'price': '$4,500--', 'event': 'Listing removed'}]",VT,House for rent,Single Family,2007,27000,05255,5d10c79c2ed566e5493cc1de,"{'type': 'Point', 'coordinates': [-73.020978, 43.174633]}",2096794837
"55 Forest St, Winooski, VT 05404",1640,15,3,No Data,Available now,"$1,650",Gas,44.493365,In Unit,Winooski,-73.195792,Attached Garage,"Cats, small dogs",1650,1.0,"[{'date': '6/23/2019', 'price': '$1,650(-5.7%)', 'event': 'Price change'}, {'date': '6/12/2019', 'price': '$1,750(-2.8%)', 'event': 'Price change'}, {'date': '5/25/2019', 'price': '$1,800--', 'event': 'Listed for rent'}, {'date': '3/4/2016', 'price': '$175,000(-5.4%)', 'event': 'Sold'}, {'date': '1/28/2016', 'price': '$185,000--', 'event': 'Listing removed'}]",VT,Townhouse for rent,Townhouse,1996,1750,05404,5d10c7c8af5e956fca3cc1e2,"{'type': 'Point', 'coordinates': [-73.195792, 44.493365]}",2106995185
"602 North Ave, Burlington, VT 05408",1500,25,3,No Data,Available now,"$2,600",No Data,44.497067,In Unit,Burlington,-73.232468,"Off street, Attached Garage","Cats, large dogs, small dogs",2600,2.0,"[{'date': '6/19/2019', 'price': '$2,600(+57.6%)', 'event': 'Listed for rent'}, {'date': '10/4/2018', 'price': '$1,650--', 'event': 'Listing removed'}, {'date': '9/21/2018', 'price': '$1,650(-2.9%)', 'event': 'Price change'}, {'date': '9/6/2018', 'price': '$1,700--', 'event': 'Listed for rent'}, {'date': '5/21/2013', 'price': '$190,000--', 'event': 'Listing removed'}]",VT,Townhouse for rent,Townhouse,1988,,05408,5d10c7cfca90dfd7023cc1e5,"{'type': 'Point', 'coordinates': [-73.232468, 44.497067]}",2113162184
"1072 Burrington Hill Rd, Whitingham, VT 05361",1815,2,4,None,Available now,"$3,400",Baseboard,42.784172,In Unit,Whitingham,-72.869644,Off street,Small dogs,1700,1.0,"[{'date': '1/31/2019', 'price': '$1,700(+6.3%)', 'event': 'Price change'}, {'date': '1/31/2019', 'price': '$1,600--', 'event': 'Listed for rent'}, {'date': '8/4/2018', 'price': '$1,600--', 'event': 'Listing removed'}, {'date': '6/1/2018', 'price': '$1,600(+14.3%)', 'event': 'Listed for rent'}, {'date': '12/4/2016', 'price': '$1,400--', 'event': 'Listing removed'}]",VT,House for rent,Single Family,2008,1700,05361,5d10c8390e66b397b63cc1ed,"{'type': 'Point', 'coordinates': [-72.869644, 42.784172]}",2118573145
"20 Lake Forest Dr, Burlington, VT 05401",1500,15,2,No Data,8/14,"$2,100",Forced air,44.453206,"In Unit, Shared",Burlington,-73.221948,"Off street, Attached Garage",No,2100,1.0,"[{'date': '6/17/2019', 'price': '$2,100(+5%)', 'event': 'Listed for rent'}, {'date': '8/7/2017', 'price': '$2,000--', 'event': 'Listing removed'}, {'date': '7/23/2017', 'price': '$2,000(-9.1%)', 'event': 'Price change'}, {'date': '6/5/2017', 'price': '$2,200(+10%)', 'event': 'Listed for rent'}, {'date': '8/16/2016', 'price': '$2,000--', 'event': 'Listing removed'}]",VT,Townhouse for rent,Townhouse,1989,2100,05401,5d10c846cf93362d193cc1dd,"{'type': 'Point', 'coordinates': [-73.221948, 44.453206]}",12655033
"10 Bunny Ln, Wilmington, VT 05363",2500,3,5,No Data,No Data,"$3,500",No Data,42.893703,In Unit,Wilmington,-72.915597,Off street,Small dogs,3500,1.0,"[{'date': '4/16/2019', 'price': '$3,500(+16.7%)', 'event': 'Listed for rent'}, {'date': '10/6/2018', 'price': '$3,000--', 'event': 'Listing removed'}, {'date': '3/20/2018', 'price': '$3,000(-40%)', 'event': 'Price change'}, {'date': '12/24/2017', 'price': '$5,000--', 'event': 'Listed for rent'}, {'date': '11/30/2015', 'price': '$200,000(-13.8%)', 'event': 'Sold'}]",VT,House for rent,Single Family,,2500,05363,5d10c88d207ce4ea3a3cc1e9,"{'type': 'Point', 'coordinates': [-72.915597, 42.893703]}",235266585
"B11 Stonehedge Dr S, S Burlington, VT 05403",1350,15,2,No Data,8/15,"$2,000",Electric,44.446704,In Unit,S Burlington,-73.175222,No Data,No,2000,1.0,"[{'date': '6/17/2019', 'price': '$2,000--', 'event': 'Listed for rent'}, {'date': '10/9/1998', 'price': '$69,000--', 'event': 'Sold'}]",VT,Condo for rent,Condo,1981,1800,05403,5d10c8b7941a5771153cc1de,"{'type': 'Point', 'coordinates': [-73.175222, 44.446704]}",249508815
"68 S Willard St, Apartment D, Burlington, VT 05401",1152,15,3,Central,8/1,"$2,175",Forced air,44.478596,In Unit,Burlington,-73.205422,Off street,No,2175,2.0,"[{'date': '6/11/2019', 'price': '$2,175(-3.3%)', 'event': 'Listed for rent'}, {'date': '4/14/2019', 'price': '$2,250--', 'event': 'Listing removed'}, {'date': '3/13/2019', 'price': '$2,250--', 'event': 'Listed for rent'}, {'date': '11/5/2013', 'price': '$260,000(+20.1%)', 'event': 'Sold'}, {'date': '7/29/2013', 'price': '$216,500(+136.6%)', 'event': 'Sold'}]",VT,Townhouse for rent,Townhouse,1983,2175,05401,5d10c8c0cf93362d193cc1df,"{'type': 'Point', 'coordinates': [-73.205422, 44.478596]}",12653066
"Western Ave, Burlington, VT 05408",1200,1,2,No Data,7/1,"$1,000",Forced air,44.50855,In Unit,Burlington,-73.25924,Off street,No,1900,2.0,"[{'date': '6/11/2019', 'price': '$1,900(+11.8%)', 'event': 'Listed for rent'}, {'date': '3/2/2015', 'price': '$1,700--', 'event': 'Listing removed'}, {'date': '1/30/2015', 'price': '$1,700--', 'event': 'Listed for rent'}]",VT,House for rent,Single Family,1958,,05408,5d10c8d3ca90dfd7023cc1e9,"{'type': 'Point', 'coordinates': [-73.25924, 44.50855]}",2103554125
"540 Saint Paul St, South Burlington, VT 05401",1669,1,3,No Data,8/1,"$1,770",Forced air,44.465954,Shared,South Burlington,-73.208277,No Data,"Cats, large dogs, small dogs",1770,1.0,"[{'date': '6/8/2019', 'price': '$1,770--', 'event': 'Listed for rent'}]",VT,Townhouse for rent,Townhouse,1919,1770,05401,5d10c8fecf93362d193cc1e0,"{'type': 'Point', 'coordinates': [-73.208277, 44.465954]}",12654646
"219 Plattsburg Ave, Burlington, VT 05408",2116,2,3,No Data,8/1,"$2,300",Forced air,44.522162,In Unit,Burlington,-73.256198,Off street,"Large dogs, small dogs",2300,1.0,"[{'date': '6/4/2019', 'price': '$2,300--', 'event': 'Listed for rent'}, {'date': '12/18/2000', 'price': '$160,000--', 'event': 'Sold'}]",VT,House for rent,Single Family,1936,2400,05408,5d10c916ca90dfd7023cc1ea,"{'type': 'Point', 'coordinates': [-73.256198, 44.522162]}",12648297
"388 Carpenter Rd, Charlotte, VT 05445",2400,35,3,None,8/1,"$3,500","Baseboard, Stove",44.33984,In Unit,Charlotte,-73.185922,Attached Garage,"Cats, small dogs",3500,1.0,"[{'date': '6/10/2019', 'price': '$3,500--', 'event': 'Listed for rent'}]",VT,House for rent,Single Family,1996,3200,05445,5d10c932af5e956fca3cc1e7,"{'type': 'Point', 'coordinates': [-73.185922, 44.33984]}",53713397
"463 S Prospect St, Burlington, VT 05401",3500,25,5,No Data,Available now,No Data,No Data,44.466249,In Unit,Burlington,-73.201325,Attached Garage,"Large dogs, small dogs",4300,1.0,"[{'date': '5/28/2019', 'price': '$4,300--', 'event': 'Listed for rent'}]",VT,House for rent,Single Family,,4506,05401,5d10c9b7cf93362d193cc1e1,"{'type': 'Point', 'coordinates': [-73.201325, 44.466249]}",2084258685
"18 Colchester Ct, Burlington, VT 05401",1540,2,4,No Data,7/1,No Data,Other,44.486253,In Unit,Burlington,-73.186685,Attached Garage,"Cats, large dogs, small dogs",3600,2.0,"[{'date': '5/21/2019', 'price': '$3,600--', 'event': 'Listed for rent'}, {'date': '8/30/1999', 'price': '$97,500--', 'event': 'Sold'}]",VT,House for rent,Single Family,1899,2175,05401,5d10c9c0cf93362d193cc1e2,"{'type': 'Point', 'coordinates': [-73.186685, 44.486253]}",249508170
"101 N Union St, Burlington, VT 05401",,1,3,No Data,Available now,"$2,175",Forced air,44.48342,No Data,Burlington,-73.209746,Off street,No,2175,,"[{'date': '5/10/2019', 'price': '$2,175--', 'event': 'Listed for rent'}, {'date': '3/31/2019', 'price': '$2,175--', 'event': 'Listing removed'}, {'date': '11/30/2018', 'price': '$2,175(+3.6%)', 'event': 'Listed for rent'}, {'date': '2/8/2016', 'price': '$2,100--', 'event': 'Listing removed'}, {'date': '11/5/2015', 'price': '$2,100(+5%)', 'event': 'Listed for rent'}]",VT,Townhouse for rent,Townhouse,1920,2025,05401,5d10c9c7cf93362d193cc1e3,"{'type': 'Point', 'coordinates': [-73.209746, 44.48342]}",2103765248
"175 Hills Point Rd, Charlotte, VT 05445",4500,,5,No Data,9/1,"$3,500",Other,44.337839,No Data,Charlotte,-73.280599,No Data,No,3500,1.0,"[{'date': '5/14/2019', 'price': '$3,500--', 'event': 'Listed for rent'}, {'date': '7/3/2018', 'price': '$3,500--', 'event': 'Listing removed'}, {'date': '6/17/2018', 'price': '$3,500--', 'event': 'Listed for rent'}, {'date': '7/15/2010', 'price': '$1,600,000(-3%)', 'event': 'Sold'}, {'date': '4/2/2010', 'price': '$1,650,000(-2.9%)', 'event': 'Listed for sale'}]",VT,House for rent,Single Family,1990,9407,05445,5d10c9f3af5e956fca3cc1ea,"{'type': 'Point', 'coordinates': [-73.280599, 44.337839]}",53713654
"38 Marshall Dr, Burlington, VT 05408",,2,3,No Data,8/1,"$2,100",No Data,44.511573,In Unit,Burlington,-73.246567,"Off street, Attached Garage",No,2100,,"[{'date': '5/14/2019', 'price': '$2,100--', 'event': 'Listed for rent'}]",VT,House for rent,Single Family,,2100,05408,5d10c9f9ca90dfd7023cc1ed,"{'type': 'Point', 'coordinates': [-73.246567, 44.511573]}",2084450067
"18 Freeman Woods, Unit 1, Essex Junction, VT 05452",2400,25,3,No Data,8/1,"$2,275",Gas,44.5028,In Unit,Essex Junction,-73.0803,Attached Garage,No,2275,1.0,"[{'date': '6/15/2019', 'price': '$2,275(+0.1%)', 'event': 'Price change'}, {'date': '6/10/2019', 'price': '$2,272--', 'event': 'Listed for rent'}, {'date': '10/26/2017', 'price': '$320,400(+0.4%)', 'event': 'Sold'}, {'date': '5/1/2017', 'price': '$319,000--', 'event': 'Listing removed'}, {'date': '4/24/2017', 'price': '$319,000--', 'event': 'Pending sale'}]",VT,Townhouse for rent,Townhouse,,2450,05452,5d10c9fc5321db98673cc1f1,"{'type': 'Point', 'coordinates': [-73.0803, 44.5028]}",2094528609
"1430 Spear St, South Burlington, VT 05403",1800,2,3,No Data,8/1,"$2,400",Other,44.441372,In Unit,South Burlington,-73.18938,Off street,"Cats, large dogs, small dogs",2400,1.0,"[{'date': '6/17/2019', 'price': '$2,400--', 'event': 'Listed for rent'}, {'date': '4/27/2019', 'price': '$2,400--', 'event': 'Listing removed'}, {'date': '4/24/2019', 'price': '$2,400--', 'event': 'Listed for rent'}, {'date': '11/14/2018', 'price': '$2,400--', 'event': 'Listing removed'}, {'date': '10/14/2018', 'price': '$2,400(-17.2%)', 'event': 'Price change'}]",VT,House for rent,Single Family,1958,2400,05403,5d10c9fd941a5771153cc1e0,"{'type': 'Point', 'coordinates': [-73.18938, 44.441372]}",220871420
"397 Powderhorn Rd, Unit HOUSE, Manchester Center, VT 05255",1300,2,3,Other,No Data,$400,Forced air,43.182419,In Unit,Manchester Center,-73.072096,Off street,No,2100,2.0,"[{'date': '10/3/2018', 'price': '$2,100--', 'event': 'Listed for rent'}, {'date': '6/30/2018', 'price': '$2,100--', 'event': 'Listing removed'}, {'date': '5/29/2018', 'price': '$2,100--', 'event': 'Listed for rent'}, {'date': '4/28/2018', 'price': '$2,100--', 'event': 'Listing removed'}, {'date': '1/11/2018', 'price': '$2,100(-16%)', 'event': 'Price change'}]",VT,Condo for rent,Condo,1984,,05255,5d10ca0d2ed566e5493cc1e3,"{'type': 'Point', 'coordinates': [-73.072096, 43.182419]}",2092355210
"34 Perkins Dr, Essex Junction, VT 05452",2134,15,3,No Data,No Data,"$2,350",Other,44.484059,No Data,Essex Junction,-73.070444,Attached Garage,Contact manager,2350,1.0,"[{'date': '6/5/2019', 'price': '$2,350--', 'event': 'Listed for rent'}, {'date': '10/20/2014', 'price': '$234,900(+97.6%)', 'event': 'Sold'}, {'date': '2/27/1991', 'price': '$118,900--', 'event': 'Sold'}]",VT,Townhouse for rent,Townhouse,1990,1900,05452,5d10ca105321db98673cc1f2,"{'type': 'Point', 'coordinates': [-73.070444, 44.484059]}",245660361
"Mayo Rd, Huntington, VT 05462",676,1,1,Other,Available now,"$3,700",Forced air,44.3358,In Unit,Huntington,-72.9862,"Off street, Attached Garage","Cats, large dogs, small dogs",1850,3.0,"[{'date': '3/31/2019', 'price': '$1,850--', 'event': 'Listed for rent'}]",VT,House for rent,Single Family,,,05462,5d10ca195e695b58563cc20a,"{'type': 'Point', 'coordinates': [-72.9862, 44.3358]}",2085154858
"226 S Prospect St, Burlington, VT 05401",2058,4,4,Other,No Data,"$2,975",Forced air,44.47411,In Unit,Burlington,-73.200407,"Off street, Attached Garage",No,2975,1.0,"[{'date': '6/20/2019', 'price': '$2,975(-21.7%)', 'event': 'Price change'}, {'date': '5/28/2019', 'price': '$3,800(-5%)', 'event': 'Price change'}, {'date': '5/6/2019', 'price': '$4,000(-11.1%)', 'event': 'Price change'}, {'date': '4/4/2019', 'price': '$4,500--', 'event': 'Listed for rent'}, {'date': '12/11/2018', 'price': '$460,000(-7.8%)', 'event': 'Sold'}]",VT,House for rent,Single Family,1977,2975,05401,5d10ca34cf93362d193cc1e5,"{'type': 'Point', 'coordinates': [-73.200407, 44.47411]}",12654124
"75 Brookes Ave, Burlington, VT 05401",3100,3,6,None,No Data,No Data,Baseboard,44.482171,No Data,Burlington,-73.202515,No Data,No,4200,1.0,"[{'date': '4/8/2019', 'price': '$4,200(+5%)', 'event': 'Price change'}, {'date': '4/1/2019', 'price': '$4,000--', 'event': 'Listed for rent'}, {'date': '3/25/2019', 'price': '$465,000(-8.6%)', 'event': 'Sold'}, {'date': '11/13/2018', 'price': '$509,000--', 'event': 'Listing removed'}, {'date': '10/10/2018', 'price': '$509,000(-7.3%)', 'event': 'Price change'}]",VT,House for rent,Single Family,1890,3500,05401,5d10ca3acf93362d193cc1e6,"{'type': 'Point', 'coordinates': [-73.202515, 44.482171]}",12653028
"15 Jericho Rd, Essex Junction, VT 05452",1100,1,2,Other,7/1,"$1,900",Forced air,44.510099,In Unit,Essex Junction,-73.057244,2 spaces,No,1900,2.0,"[{'date': '3/18/2019', 'price': '$1,900(-5%)', 'event': 'Price change'}, {'date': '3/1/2019', 'price': '$2,000(-9.1%)', 'event': 'Price change'}, {'date': '11/19/2018', 'price': '$2,200--', 'event': 'Listed for rent'}, {'date': '10/2/2009', 'price': '$180,000--', 'event': 'Sold'}]",VT,House for rent,Single Family,1965,1820,05452,5d10ca735321db98673cc1f7,"{'type': 'Point', 'coordinates': [-73.057244, 44.510099]}",245662692
"35 Jackson St, Essex Junction, VT 05452",,2,4,No Data,7/1,"$2,300",Other,44.487026,No Data,Essex Junction,-73.106644,Attached Garage,"Cats, large dogs, small dogs",2300,,"[{'date': '3/29/2019', 'price': '$2,300--', 'event': 'Listed for rent'}]",VT,House for rent,Single Family,,2300,05452,5d10ca845321db98673cc1f8,"{'type': 'Point', 'coordinates': [-73.106644, 44.487026]}",220852455
"926 E Lakeshore Dr, Colchester, VT 05446",858,1,3,Other,7/1,"$2,150",Forced air,44.549202,In Unit,Colchester,-73.198433,Off street,No,2150,3.0,"[{'date': '4/1/2019', 'price': '$2,150--', 'event': 'Listed for rent'}]",VT,House for rent,Single Family,1900,,05446,5d10ca8d4a916044723cc1fe,"{'type': 'Point', 'coordinates': [-73.198433, 44.549202]}",220851831
"39 Lone Birch St, Colchester, VT 05446",824,1,2,Other,Available now,"$1,900",Forced air,44.54844,In Unit,Colchester,-73.199171,Off street,No,1900,2.0,"[{'date': '4/1/2019', 'price': '$1,900(+2.7%)', 'event': 'Price change'}, {'date': '3/25/2019', 'price': '$1,850(+5.7%)', 'event': 'Listed for rent'}, {'date': '9/11/2018', 'price': '$1,750--', 'event': 'Listing removed'}, {'date': '7/4/2018', 'price': '$1,750--', 'event': 'Listed for rent'}]",VT,House for rent,Single Family,1900,,05446,5d10ca964a916044723cc1ff,"{'type': 'Point', 'coordinates': [-73.199171, 44.54844]}",220851838
"912 E Lakeshore Dr, Colchester, VT 05446",1074,1,3,Other,Available now,"$2,150",Forced air,44.549049,In Unit,Colchester,-73.198676,Off street,No,2150,2.0,"[{'date': '11/19/2018', 'price': '$2,150(+3.6%)', 'event': 'Listed for rent'}, {'date': '8/16/2018', 'price': '$2,075--', 'event': 'Listing removed'}, {'date': '7/4/2018', 'price': '$2,075--', 'event': 'Listed for rent'}]",VT,House for rent,Single Family,1900,,05446,5d10caaa4a916044723cc201,"{'type': 'Point', 'coordinates': [-73.198676, 44.549049]}",220851832
"9 Murray Hl S, Unit 9, Manchester, VT 05255",1372,25,3,Wall,No Data,No Data,"Electric, Gas",43.1743,In Unit,Manchester,-73.0453,No Data,Contact manager,1800,1.0,"[{'date': '11/2/2017', 'price': '$1,800--', 'event': 'Listed for rent'}]",VT,Townhouse for rent,Townhouse,1974,2000,05255,5d10cb132ed566e5493cc1e4,"{'type': 'Point', 'coordinates': [-73.0453, 43.1743]}",2092191330
"248 Quarry Hill Rd, Apartment 74, South Burlington, VT 05403",,1,2,No Data,Available now,"$1,400",Forced air,44.46567,Shared,South Burlington,-73.187312,Off street,Cats,1400,,"[{'date': '6/6/2019', 'price': '$1,400(+27.3%)', 'event': 'Listed for rent'}, {'date': '1/13/2016', 'price': '$1,100--', 'event': 'Listing removed'}, {'date': '1/6/2016', 'price': '$1,100--', 'event': 'Listed for rent'}, {'date': '10/27/2015', 'price': '$1,100--', 'event': 'Listing removed'}, {'date': '10/6/2015', 'price': '$1,100--', 'event': 'Listed for rent'}]",VT,Condo for rent,Condo,1977,1400,05403,5d10cb61941a5771153cc1e2,"{'type': 'Point', 'coordinates': [-73.187312, 44.46567]}",2101439891
"4234 Bolton Valley Access Rd, Williston, VT 05477",1600,25,3,No Data,8/1,"$2,000",No Data,44.420247,In Unit,Williston,-72.851292,Off street,No,2000,1.0,"[{'date': '6/20/2019', 'price': '$2,000--', 'event': 'Listed for rent'}, {'date': '11/15/2004', 'price': '$64,000(+19.6%)', 'event': 'Sold'}, {'date': '7/19/2001', 'price': '$53,500--', 'event': 'Sold'}]",VT,Condo for rent,Condo,,1850,05477,5d10cba42ed566e5493cc1e6,"{'type': 'Point', 'coordinates': [-72.851292, 44.420247]}",220834997
"45 Valley Ridge Rd, South Burlington, VT 05403",1500,1,3,No Data,8/1,"$2,000",Other,44.480574,In Unit,South Burlington,-73.178296,"Off street, Attached Garage","Cats, large dogs, small dogs",2550,2.0,"[{'date': '6/6/2019', 'price': '$2,550(-3.8%)', 'event': 'Price change'}, {'date': '6/2/2019', 'price': '$2,650--', 'event': 'Listed for rent'}, {'date': '4/29/2004', 'price': '$194,900(+87.4%)', 'event': 'Sold'}, {'date': '9/2/1999', 'price': '$104,000(+12.4%)', 'event': 'Sold'}, {'date': '4/30/1998', 'price': '$92,500--', 'event': 'Sold'}]",VT,House for rent,Single Family,1984,2000,05403,5d10cbc5941a5771153cc1e4,"{'type': 'Point', 'coordinates': [-73.178296, 44.480574]}",220871986
"Obrien Dr, South Burlington, VT 05403",2112,25,5,No Data,7/1,"$2,800",No Data,44.45815,In Unit,South Burlington,-73.17576,"Off street, Attached Garage","Cats, small dogs",2800,1.0,"[{'date': '6/22/2019', 'price': '$2,800(+12%)', 'event': 'Price change'}, {'date': '6/2/2019', 'price': '$2,500--', 'event': 'Listed for rent'}]",VT,House for rent,Single Family,,,05403,5d10cbe9941a5771153cc1e5,"{'type': 'Point', 'coordinates': [-73.17576, 44.45815]}",2084170515
"55 Thompson Rd, Richmond, VT 05477",1780,1,2,No Data,No Data,"$1,890",Radiant,44.3983,In Unit,Richmond,-73.00024,4 spaces,No,1890,1.0,"[{'date': '6/11/2019', 'price': '$1,890(-5%)', 'event': 'Price change'}, {'date': '6/11/2019', 'price': '$1,990--', 'event': 'Listed for rent'}, {'date': '12/8/2018', 'price': '$439,000--', 'event': 'Listing removed'}, {'date': '11/27/2018', 'price': '$439,000--', 'event': 'Listed for sale'}]",VT,House for rent,Single Family,2016,1890,05477,5d10cc472ed566e5493cc1e9,"{'type': 'Point', 'coordinates': [-73.00024, 44.3983]}",2086895520
"3 N Gardens Ln, Unit 101, Milton, VT 05468",952,1,2,Other,9/1,"$1,650",Forced air,44.636031,No Data,Milton,-73.087896,Off street,"Cats, large dogs, small dogs",1650,2.0,"[{'date': '6/18/2019', 'price': '$1,650(-5.7%)', 'event': 'Listed for rent'}, {'date': '8/6/2018', 'price': '$1,750--', 'event': 'Listing removed'}, {'date': '7/17/2018', 'price': '$1,750--', 'event': 'Listed for rent'}]",VT,Townhouse for rent,Townhouse,2016,,05468,5d10cc55af5e956fca3cc1f3,"{'type': 'Point', 'coordinates': [-73.087896, 44.636031]}",2088595658
"52 Jericho Rd, Richmond, VT 05477",2100,25,4,No Data,9/1,"$2,300",No Data,44.405563,In Unit,Richmond,-72.992275,Off street,No,2300,1.0,"[{'date': '6/5/2019', 'price': '$2,300(-23.3%)', 'event': 'Price change'}, {'date': '5/18/2019', 'price': '$3,000(+100%)', 'event': 'Listed for rent'}, {'date': '10/1/2018', 'price': '$1,500--', 'event': 'Listing removed'}, {'date': '9/3/2018', 'price': '$1,500(+25%)', 'event': 'Price change'}, {'date': '8/26/2018', 'price': '$1,200--', 'event': 'Listed for rent'}]",VT,House for rent,Single Family,,2300,05477,5d10cc7b2ed566e5493cc1ed,"{'type': 'Point', 'coordinates': [-72.992275, 44.405563]}",220863077
"Ti Ln, Shelburne, VT 05482",,15,2,No Data,8/1,"$2,000",No Data,44.36696,In Unit,Shelburne,-73.22807,"Off street, Attached Garage",No,2000,,"[{'date': '6/10/2019', 'price': '$2,000--', 'event': 'Listed for rent'}]",VT,Townhouse for rent,Townhouse,,,05482,5d10cc805e695b58563cc218,"{'type': 'Point', 'coordinates': [-73.22807, 44.36696]}",2084036118
"287 Locust Hill Rd, Shelburne, VT 05482",1200,25,2,No Data,8/1,"$1,700",No Data,44.419669,In Unit,Shelburne,-73.209837,Off street,"Cats, large dogs, small dogs",1700,1.0,"[{'date': '5/6/2019', 'price': '$1,700--', 'event': 'Listed for rent'}, {'date': '9/12/2003', 'price': '$144,500(+50.5%)', 'event': 'Sold'}, {'date': '3/28/2001', 'price': '$96,000(+11.6%)', 'event': 'Sold'}, {'date': '3/15/1999', 'price': '$86,000--', 'event': 'Sold'}]",VT,Townhouse for rent,Townhouse,,1700,05482,5d10cc995e695b58563cc21a,"{'type': 'Point', 'coordinates': [-73.209837, 44.419669]}",243541030
"243 Martindale Rd, Shelburne, VT 05482",1975,25,3,No Data,7/1,"$1,850",Other,44.414515,In Unit,Shelburne,-73.203931,"Off street, Attached Garage",Cats,1850,1.0,"[{'date': '6/23/2019', 'price': '$1,850(-7.5%)', 'event': 'Price change'}, {'date': '5/2/2019', 'price': '$2,000--', 'event': 'Listed for rent'}]",VT,Townhouse for rent,Townhouse,1979,,05482,5d10cca25e695b58563cc21b,"{'type': 'Point', 'coordinates': [-73.203931, 44.414515]}",220866229
"219 Martindale Rd, Shelburne, VT 05482",,25,3,No Data,9/1,"$2,000",Forced air,44.417349,No Data,Shelburne,-73.210362,Attached Garage,No,2000,,"[{'date': '3/26/2019', 'price': '$2,000(+11.1%)', 'event': 'Listed for rent'}, {'date': '8/3/2018', 'price': '$1,800--', 'event': 'Listing removed'}, {'date': '7/24/2018', 'price': '$1,800(-10%)', 'event': 'Price change'}, {'date': '7/4/2018', 'price': '$2,000--', 'event': 'Listed for rent'}, {'date': '11/16/2015', 'price': '$2,000--', 'event': 'Listing removed'}]",VT,House for rent,Single Family,1980,2000,05482,5d10ccab5e695b58563cc21c,"{'type': 'Point', 'coordinates': [-73.210362, 44.417349]}",2104285538
"Clearwater Rd, Shelburne, VT 05482",2140,2,2,Other,10/1,"$4,500",Forced air,44.41183,In Unit,Shelburne,-73.21981,"Off street, Attached Garage",No,4500,2.0,"[{'date': '1/7/2019', 'price': '$4,500(-8.2%)', 'event': 'Price change'}, {'date': '7/4/2018', 'price': '$4,900--', 'event': 'Listed for rent'}]",VT,House for rent,Single Family,,,05482,5d10ccc45e695b58563cc21d,"{'type': 'Point', 'coordinates': [-73.21981, 44.41183]}",2088780266
"962 Dugway Rd, Richmond, VT 05477",2700,25,3,Wall,No Data,No Data,Baseboard,44.370774,No Data,Richmond,-72.964331,No Data,Contact manager,2700,1.0,"[{'date': '5/13/2019', 'price': '$2,700--', 'event': 'Listed for rent'}, {'date': '5/4/2011', 'price': '$325,000(+132.1%)', 'event': 'Sold'}, {'date': '3/29/2010', 'price': '$140,000--', 'event': 'Sold'}]",VT,House for rent,Single Family,1975,2300,05477,5d10ccd82ed566e5493cc1ef,"{'type': 'Point', 'coordinates': [-72.964331, 44.370774]}",220862563
"8 Dunpatrick Cir, Montpelier, VT 05602",2200,2,4,None,Available now,"$2,500",Forced air,44.274451,In Unit,Montpelier,-72.588936,1 space,"Cats, large dogs, small dogs",2500,1.0,"[{'date': '6/21/2019', 'price': '$2,500--', 'event': 'Listed for rent'}, {'date': '10/23/2017', 'price': '$135,000(-5.6%)', 'event': 'Sold'}, {'date': '9/11/2017', 'price': '$143,000--', 'event': 'Listing removed'}, {'date': '8/8/2017', 'price': '$143,000(+23.3%)', 'event': 'Listed for sale'}, {'date': '6/28/2002', 'price': '$116,000(+57.6%)', 'event': 'Sold'}]",VT,House for rent,Single Family,1972,1800,05602,5d10cd865e695b58563cc221,"{'type': 'Point', 'coordinates': [-72.588936, 44.274451]}",75467012
"Farrell St, South Burlington, VT 05403",911,1,2,Other,7/1,"$1,550",Forced air,44.44564,In Unit,South Burlington,-73.20453,Attached Garage,"Cats, small dogs",1550,2.0,"[{'date': '5/10/2019', 'price': '$1,550--', 'event': 'Listed for rent'}]",VT,Condo for rent,Condo,2005,,05403,5d10cda9941a5771153cc1e9,"{'type': 'Point', 'coordinates': [-73.20453, 44.44564]}",2084486110
"14 Deerfield Dr, Montpelier, VT 05602",1698,15,3,No Data,8/5,"$1,900",Wood / pellet,44.272552,In Unit,Montpelier,-72.587568,1 space,Cats,1900,1.0,"[{'date': '6/17/2019', 'price': '$1,900--', 'event': 'Listed for rent'}, {'date': '6/30/2011', 'price': '$214,500(-7.5%)', 'event': 'Sold'}, {'date': '3/29/2011', 'price': '$232,000--', 'event': 'Listed for sale'}, {'date': '1/7/2011', 'price': '$232,000--', 'event': 'Listing removed'}, {'date': '7/21/2010', 'price': '$232,000(+105.3%)', 'event': 'Listed for sale'}]",VT,House for rent,Single Family,1962,1800,05602,5d10cdeb5e695b58563cc226,"{'type': 'Point', 'coordinates': [-72.587568, 44.272552]}",75466939
"131 Berlin St, Montpelier, VT 05602",1368,1,3,No Data,Available now,$850,Forced air,44.253487,In Unit,Montpelier,-72.573451,Off street,No,850,1.0,"[{'date': '6/13/2019', 'price': '$850--', 'event': 'Listed for rent'}, {'date': '5/21/2015', 'price': '$41,000(-17.8%)', 'event': 'Sold'}, {'date': '2/25/2015', 'price': '$49,900--', 'event': 'Listing removed'}, {'date': '1/25/2015', 'price': '$49,900(-28.6%)', 'event': 'Price change'}, {'date': '8/21/2014', 'price': '$69,900--', 'event': 'Pending sale'}]",VT,House for rent,Single Family,1900,1000,05602,5d10ce265e695b58563cc229,"{'type': 'Point', 'coordinates': [-72.573451, 44.253487]}",75467321
"Oak Hill Rd, Williston, VT 05495",2900,25,4,Other,7/1,"$2,500",Forced air,44.41473,In Unit,Williston,-73.08698,Off street,No,2500,1.0,"[{'date': '6/15/2019', 'price': '$2,500--', 'event': 'Listed for rent'}]",VT,House for rent,Single Family,,,05495,5d10ce394a916044723cc213,"{'type': 'Point', 'coordinates': [-73.08698, 44.41473]}",2083951761
"1679 Shover Rd, Eden, VT 05652",1543,15,3,None,No Data,No Data,"Forced air, Stove",44.734893,No Data,Eden,-72.534284,No Data,No,1000,1.0,"[{'date': '6/20/2019', 'price': '$1,000(+5.3%)', 'event': 'Listed for rent'}, {'date': '5/3/2017', 'price': '$950--', 'event': 'Listing removed'}, {'date': '4/21/2017', 'price': '$950(+5.6%)', 'event': 'Price change'}, {'date': '11/28/2016', 'price': '$900--', 'event': 'Listing removed'}]",VT,House for rent,Single Family,1850,1050,05652,5d10cec59794f5b2323cc217,"{'type': 'Point', 'coordinates': [-72.534284, 44.734893]}",2096492269
"25 Mill St, East Calais, VT 05650",800,1,1,No Data,Available now,$850,No Data,44.36683,In Unit,East Calais,-72.429638,Off street,No,850,1.0,"[{'date': '5/12/2019', 'price': '$850--', 'event': 'Listed for rent'}]",VT,House for rent,Single Family,,850,05650,5d10cedfcf93362d193cc1fe,"{'type': 'Point', 'coordinates': [-72.429638, 44.36683]}",2084472362
"7210 Route 2a, St George, VT 05495",1754,15,3,No Data,Available now,"$2,500",No Data,44.389973,In Unit,St George,-73.127682,Off street,"Cats, large dogs, small dogs",2500,1.0,"[{'date': '6/4/2019', 'price': '$2,500--', 'event': 'Listed for rent'}, {'date': '6/29/2017', 'price': '$266,000(+3.5%)', 'event': 'Sold'}, {'date': '5/16/2017', 'price': '$257,000--', 'event': 'Listing removed'}, {'date': '4/17/2017', 'price': '$257,000--', 'event': 'Pending sale'}, {'date': '4/14/2017', 'price': '$257,000(-3%)', 'event': 'Price change'}]",VT,House for rent,Single Family,1880,2450,05495,5d10cf014a916044723cc216,"{'type': 'Point', 'coordinates': [-73.127682, 44.389973]}",92249495
"South Rd, Williston, VT 05495",2900,25,4,Other,7/1,No Data,Forced air,44.3885,In Unit,Williston,-73.09586,No Data,Small dogs,2500,1.0,"[{'date': '5/15/2019', 'price': '$2,500(-90%)', 'event': 'Price change'}, {'date': '5/15/2019', 'price': '$25,000--', 'event': 'Listed for rent'}]",VT,House for rent,Single Family,,,05495,5d10cf0f4a916044723cc217,"{'type': 'Point', 'coordinates': [-73.09586, 44.3885]}",2084435579
"Valerie Ave, Montpelier, VT 05602",1260,15,3,No Data,Available now,"$1,750",No Data,44.24288,In Unit,Montpelier,-72.56464,Off street,"Cats, large dogs, small dogs",1750,1.0,"[{'date': '4/16/2019', 'price': '$1,750--', 'event': 'Listed for rent'}]",VT,House for rent,Single Family,,,05602,5d10cf555e695b58563cc22c,"{'type': 'Point', 'coordinates': [-72.56464, 44.24288]}",2084885271
"1130 Thistle Hill Rd, Marshfield, VT 05658",,1,1,No Data,7/15,$950,No Data,44.368424,In Unit,Marshfield,-72.299298,No Data,"Cats, large dogs, small dogs",950,,"[{'date': '6/11/2019', 'price': '$950(+2.7%)', 'event': 'Listed for rent'}, {'date': '2/2/2018', 'price': '$925--', 'event': 'Listing removed'}, {'date': '1/23/2018', 'price': '$925--', 'event': 'Listed for rent'}, {'date': '7/11/2017', 'price': '$925--', 'event': 'Listing removed'}, {'date': '6/12/2017', 'price': '$925(-7%)', 'event': 'Listed for rent'}]",VT,House for rent,Single Family,,900,05658,5d10cfa1c42484339f3cc217,"{'type': 'Point', 'coordinates': [-72.299298, 44.368424]}",2094910817
"201 Bedell Brook Rd, Elmore, VT 05661",1245,1,1,Other,12/20,"$1,000",Forced air,44.48301,In Unit,Elmore,-72.583753,No Data,"Large dogs, small dogs",2000,2.0,"[{'date': '4/28/2019', 'price': '$2,000(-50%)', 'event': 'Listed for rent'}, {'date': '9/6/2018', 'price': '$4,000--', 'event': 'Listing removed'}, {'date': '6/11/2018', 'price': '$4,000--', 'event': 'Listed for rent'}]",VT,House for rent,Single Family,1971,1895,05661,5d10d0569794f5b2323cc21d,"{'type': 'Point', 'coordinates': [-72.583753, 44.48301]}",2089118768
"206 Pallas Rd, Williamstown, VT 05679",,2,3,No Data,7/1,$950,No Data,44.1128,No Data,Williamstown,-72.5417,No Data,No,950,,"[{'date': '6/13/2019', 'price': '$950(-4.5%)', 'event': 'Listed for rent'}, {'date': '11/9/2018', 'price': '$995--', 'event': 'Listing removed'}, {'date': '10/22/2018', 'price': '$995--', 'event': 'Listed for rent'}]",VT,House for rent,Single Family,,1200,05679,5d10d05d1d525edd023cc221,"{'type': 'Point', 'coordinates': [-72.5417, 44.1128]}",2087313367
"26 Union St, Waterbury, VT 05676",4000,5,6,No Data,7/1,"$3,250",No Data,44.339962,No Data,Waterbury,-72.756494,Off street,"Cats, large dogs, small dogs",3250,1.0,"[{'date': '6/20/2019', 'price': '$3,250--', 'event': 'Listed for rent'}]",VT,House for rent,Single Family,,,05676,5d10d084c42484339f3cc21e,"{'type': 'Point', 'coordinates': [-72.756494, 44.339962]}",2083882184
"511 Market St, Unit A, South Burlington, VT 05403",,25,2,No Data,7/1,$900,No Data,44.465758,No Data,South Burlington,-73.17741,No Data,Contact manager,1825,,"[{'date': '5/28/2019', 'price': '$1,825(-1.4%)', 'event': 'Price change'}, {'date': '2/22/2019', 'price': '$1,850--', 'event': 'Listed for rent'}]",VT,Townhouse for rent,Townhouse,2019,1825,05403,5d10d08c941a5771153cc1f2,"{'type': 'Point', 'coordinates': [-73.17741, 44.465758]}",2085731218
"509 Market St, Unit B, South Burlington, VT 05403",,25,2,No Data,8/1,$900,No Data,44.465763,No Data,South Burlington,-73.177419,No Data,Contact manager,1825,,"[{'date': '5/28/2019', 'price': '$1,825(-1.4%)', 'event': 'Price change'}, {'date': '4/27/2019', 'price': '$1,850(-1.3%)', 'event': 'Price change'}, {'date': '2/22/2019', 'price': '$1,875(-1.3%)', 'event': 'Price change'}, {'date': '1/8/2019', 'price': '$1,900--', 'event': 'Listed for rent'}]",VT,Townhouse for rent,Townhouse,2019,1825,05403,5d10d09b941a5771153cc1f4,"{'type': 'Point', 'coordinates': [-73.177419, 44.465763]}",2086461230
"62 S Main St, Waterbury, VT 05676",,2,4,Other,7/1,"$1,750",Forced air,44.3358,No Data,Waterbury,-72.7541,Off street,No,1750,,"[{'date': '6/13/2019', 'price': '$1,750--', 'event': 'Listed for rent'}]",VT,House for rent,Single Family,,1750,05676,5d10d0a3c42484339f3cc21f,"{'type': 'Point', 'coordinates': [-72.7541, 44.3358]}",2083985056
"Keene Rd, Washington, VT 05675",860,15,2,No Data,7/15,"$1,200",No Data,44.05554,No Data,Washington,-72.45689,Off street,"Cats, small dogs",1200,1.0,"[{'date': '5/10/2019', 'price': '$1,200--', 'event': 'Listed for rent'}]",VT,House for rent,Single Family,,,05675,5d10d0c35e695b58563cc233,"{'type': 'Point', 'coordinates': [-72.45689, 44.05554]}",2084485061
"12 Davis Ave, Northfield Falls, VT 05663",1200,1,2,Other,Available now,"$1,400",Forced air,44.17067,In Unit,Northfield Falls,-72.650704,Off street,No,1400,1.0,"[{'date': '4/24/2019', 'price': '$1,400(-12.5%)', 'event': 'Listed for rent'}, {'date': '1/13/2019', 'price': '$1,600--', 'event': 'Listing removed'}, {'date': '12/13/2018', 'price': '$1,600(-5.9%)', 'event': 'Price change'}, {'date': '12/10/2018', 'price': '$1,700--', 'event': 'Listed for rent'}, {'date': '5/30/2008', 'price': '$190,000--', 'event': 'Sold'}]",VT,House for rent,Single Family,1800,1400,05663,5d10d10e0e66b397b63cc20e,"{'type': 'Point', 'coordinates': [-72.650704, 44.17067]}",250871797
"109 Ohear Ct, Waterbury, VT 05676",1200,15,2,No Data,Available now,"$1,595",No Data,44.341796,In Unit,Waterbury,-72.757806,"Off street, Attached Garage","Cats, large dogs, small dogs",1595,1.0,"[{'date': '5/30/2019', 'price': '$1,595(-0.3%)', 'event': 'Price change'}, {'date': '5/29/2019', 'price': '$1,600(+1.6%)', 'event': 'Listed for rent'}, {'date': '11/2/2017', 'price': '$1,575--', 'event': 'Listing removed'}, {'date': '10/30/2017', 'price': '$1,575--', 'event': 'Listed for rent'}]",VT,House for rent,Single Family,2015,1570,05676,5d10d128c42484339f3cc223,"{'type': 'Point', 'coordinates': [-72.757806, 44.341796]}",2092239221
"56 Dark Meadow Rd, Mount Holly, VT 05758",3500,25,8,No Data,No Data,"$5,000",No Data,43.461782,In Unit,Mount Holly,-72.768391,Off street,No,2500,1.0,"[{'date': '5/3/2019', 'price': '$2,500(+66.7%)', 'event': 'Price change'}, {'date': '5/1/2019', 'price': '$1,500--', 'event': 'Listed for rent'}]",VT,House for rent,Single Family,,2500,05758,5d10d3879794f5b2323cc235,"{'type': 'Point', 'coordinates': [-72.768391, 43.461782]}",220890203
"613 Summer St, St Johnsbury, VT 05819",2500,2,4,None,No Data,No Data,Forced air,44.424067,In Unit,St Johnsbury,-72.020391,Attached Garage,Contact manager,2295,1.0,"[{'date': '6/5/2019', 'price': '$2,295(+35.4%)', 'event': 'Price change'}, {'date': '5/30/2019', 'price': '$1,695--', 'event': 'Listed for rent'}, {'date': '5/28/2019', 'price': '$275,000--', 'event': 'Listing removed'}, {'date': '1/31/2019', 'price': '$275,000(+111.5%)', 'event': 'Listed for sale'}, {'date': '6/28/1999', 'price': '$130,000--', 'event': 'Sold'}]",VT,Townhouse for rent,Townhouse,1893,,05819,5d10d616c42484339f3cc238,"{'type': 'Point', 'coordinates': [-72.020391, 44.424067]}",81601083
"4887 Burton Hill Rd, Barton, VT 05822",3000,4,6,Other,No Data,No Data,"Baseboard, Other",44.7517,In Unit,Barton,-72.1659,9 spaces,Contact manager,6995,2.0,"[{'date': '3/27/2019', 'price': '$6,995--', 'event': 'Listed for rent'}]",VT,House for rent,Single Family,1990,,05822,5d10d6719794f5b2323cc243,"{'type': 'Point', 'coordinates': [-72.1659, 44.7517]}",2085210402
"69 Old Coach Rd, Killington, VT 05751",3200,3,3,Other,Available now,"$3,000",Forced air,43.665909,In Unit,Killington,-72.845779,"Off street, Attached Garage","Cats, small dogs",3000,1.0,"[{'date': '5/18/2019', 'price': '$3,000(-10.4%)', 'event': 'Price change'}, {'date': '4/16/2019', 'price': '$3,350(-4.3%)', 'event': 'Price change'}, {'date': '3/27/2019', 'price': '$3,500--', 'event': 'Listed for rent'}, {'date': '1/16/2014', 'price': '$5,000--', 'event': 'Sold'}]",VT,House for rent,Single Family,,2500,05751,5d10d6950e66b397b63cc21e,"{'type': 'Point', 'coordinates': [-72.845779, 43.665909]}",250978771
"117 Wallace Rd, Derby, VT 05829",1702,25,3,Wall,No Data,No Data,Baseboard,44.961747,No Data,Derby,-72.129194,2 spaces,Contact manager,1600,1.0,"[{'date': '5/15/2019', 'price': '$1,600--', 'event': 'Listed for rent'}, {'date': '9/2/2008', 'price': '$234,000(-6.4%)', 'event': 'Sold'}, {'date': '5/23/2008', 'price': '$249,900(+2%)', 'event': 'Listed for sale'}, {'date': '1/17/2007', 'price': '$245,000(+22.5%)', 'event': 'Sold'}, {'date': '2/24/2004', 'price': '$200,000(+58.7%)', 'event': 'Sold'}]",VT,House for rent,Single Family,1981,1600,05829,5d10d6ab2ed566e5493cc21d,"{'type': 'Point', 'coordinates': [-72.129194, 44.961747]}",75452204
"1035 Us Vermont Route 5 Rte, Unit 5, Derby, VT 05829",1200,15,2,Wall,No Data,No Data,Baseboard,44.932096,In Unit,Derby,-72.145969,1 space,Contact manager,1095,1.0,"[{'date': '5/18/2019', 'price': '$1,095(-8.8%)', 'event': 'Price change'}, {'date': '4/16/2019', 'price': '$1,200--', 'event': 'Listed for rent'}]",VT,Townhouse for rent,Townhouse,1900,,05829,5d10d6bf2ed566e5493cc21e,"{'type': 'Point', 'coordinates': [-72.145969, 44.932096]}",2084897810
"1630 Goodall Rd, Derby Line, VT 05830",1064,,1,Other,No Data,No Data,"Baseboard, Radiant",44.993396,In Unit,Derby Line,-72.040377,2 spaces,Contact manager,1295,1.0,"[{'date': '6/21/2019', 'price': '$1,295--', 'event': 'Listed for rent'}, {'date': '6/22/2018', 'price': '$332,300--', 'event': 'Listing removed'}, {'date': '5/21/2018', 'price': '$332,300(-1.7%)', 'event': 'Price change'}, {'date': '4/20/2018', 'price': '$337,900(-2.3%)', 'event': 'Price change'}, {'date': '2/10/2018', 'price': '$345,900(-7.8%)', 'event': 'Price change'}]",VT,House for rent,Single Family,2002,,05830,5d10d6d4c42484339f3cc239,"{'type': 'Point', 'coordinates': [-72.040377, 44.993396]}",92016407
"3846 Bear Mountain Rd, Newport Center, VT 05857",1700,1,3,Central,No Data,No Data,Baseboard,44.993504,No Data,Newport Center,-72.326346,1 space,Contact manager,1495,1.0,"[{'date': '6/14/2019', 'price': '$1,495(+15.4%)', 'event': 'Listed for rent'}, {'date': '9/25/2017', 'price': '$1,295--', 'event': 'Listing removed'}, {'date': '9/6/2017', 'price': '$1,295--', 'event': 'Listed for rent'}, {'date': '5/23/2011', 'price': '$67,000--', 'event': 'Sold'}]",VT,House for rent,Single Family,1980,,05857,5d10d78e5321db98673cc22d,"{'type': 'Point', 'coordinates': [-72.326346, 44.993504]}",92014523
"149 Bay Ln, Island Pond, VT 05846",1300,1,3,No Data,No Data,No Data,Other,44.813016,In Unit,Island Pond,-71.867124,6 spaces,Contact manager,1595,1.0,"[{'date': '10/9/2018', 'price': '$1,595(-20.1%)', 'event': 'Price change'}, {'date': '8/30/2018', 'price': '$1,995(+25.1%)', 'event': 'Price change'}, {'date': '3/1/2017', 'price': '$1,595(+6.3%)', 'event': 'Listed for rent'}, {'date': '9/20/2016', 'price': '$1,500--', 'event': 'Listing removed'}, {'date': '8/19/2016', 'price': '$1,500--', 'event': 'Listing removed'}]",VT,House for rent,Single Family,2006,,05846,5d10d81b9794f5b2323cc257,"{'type': 'Point', 'coordinates': [-71.867124, 44.813016]}",2146511408
"28 Auburn St, Lyndonville, VT 05851",1489,15,3,No Data,8/1,$950,Other,44.539479,In Unit,Lyndonville,-71.995631,No Data,Small dogs,950,1.0,"[{'date': '6/13/2019', 'price': '$950(+5.6%)', 'event': 'Price change'}, {'date': '6/13/2019', 'price': '$900--', 'event': 'Listed for rent'}, {'date': '7/12/2018', 'price': '$900--', 'event': 'Listing removed'}, {'date': '7/2/2018', 'price': '$900--', 'event': 'Listed for rent'}, {'date': '1/7/2009', 'price': '$75,000--', 'event': 'Sold'}]",VT,House for rent,Single Family,,950,05851,5d10d875c42484339f3cc246,"{'type': 'Point', 'coordinates': [-71.995631, 44.539479]}",227751268
"159 Garbrooke Dr, Bennington, VT 05201",1600,15,3,No Data,No Data,1600,No Data,42.880438,No Data,Bennington,-73.157078,No Data,No,1600,1.0,"[{'date': '7/15/2019', 'event': 'Listed for rent', 'price': '$1,600--'}, {'date': '12/18/2013', 'event': 'Sold', 'price': '$180,000--'}]",VT,House for rent,Single Family,,1450,05201,5d2ce922aa1ce31ade80b0cb,"{'type': 'Point', 'coordinates': [-73.157078, 42.880438]}",115794093
